
COPY certifiers (id, name, description, link, environment_id, created_at, updated_at) FROM stdin;
1	APAN	A APAN - Associação dos Produtores de Agricultura Natural, é uma sociedade civil sem fins lucrativos, criada em 1990 no município de Mairinque - SP. Sua formação foi inspirada nos conceitos e princípios filosóficos da Associação MOA - Mokiti Okada, com o objetivo inicial de incentivar e disseminar técnicas e práticas agrícolas sem o uso de fertilizantes químicos e agrotóxicos e que favorecessem a manutenção da vida no solo, juntamente com a produção de alimentos saudáveis, de elevado valor nutricional, sem pôr em risco a saúde do produtor e do consumidor, preservando o meio ambiente e promovendo justiça social. A APAN, Associação dos Produtores de Agricultura Natural, desenvolve suas atividades dentro desta conceituação ampliada. Embora o nome se mantenha, pode-se entendê-la como 'Associação dos Produtores de Agricultura Natural Sustentável '.\n\nA APAN promove cursos e seminários na área de agricultura natural sustentável principalmente, na área de horticultura orgânica, café orgânico, cultivo de shiitake, carvão e extrato pirolenhoso. O quadro associativo é composto por 350 membros, dos quais 80% estão localizados no Estado de São Paulo e os demais em MG, RJ, MS, GO, PR, SC e RS.	http://www.planetaorganico.com.br/apan.htm	2	2011-03-02 12:24:53.569118	2011-03-02 12:24:53.569118
2	BCS	A BCS Öko-Garantie (do alemão BCS Eco-Garantia) é uma certificadora independente, acreditada\noficialmente para verificar os seguintes regulamentos de produção e manipulação de produtos orgânicos:\n\n* Brasil (Lei 10.831)\n* União Européia (CE 834/2007)\n* Japão (MAFF)\n* EUA (USDA)\n* E outros regulamentos governamentais e privados	http://www.bcs-oeko.com/sp_index.html	2	2011-03-02 12:24:53.577161	2011-03-02 12:24:53.577161
3	Chão Vivo	- Sociedade civil, sem fins lucrativos, apartidária, originada no ES. E estatutariamente com atuação em todo o território nacional, orienta suas atividades para a certificação orgânica de produtos in natura, semi-elaborados ou industrializados, de modo a garantir a produtores, consumidores, comerciantes, a qualidade da produção, preservação do ecossistema e a qualidade de vida para todos.\n\n- Propõe-se a ser uma Entidade da sociedade civil que busque a integração entre todos os indivíduos e entidades, em torno da discussão, incentivo, assessoramento e desenvolvimento do processo de produção orgânica, preservação da natureza, bem como a promoção e desenvolvimento rural e em especial a agricultura familiar.\n\n- Busca incentivar, promover e assegurar produtos saudáveis, considerando os princípios de desenvolvimento sustentável.\n\n- Possui em seus quadros a maioria dos agricultores e técnicos, representantes de Entidades, do Estado, com conhecimento, experiência e trabalhos desenvolvidos, na área de agricultura orgânica e agroecologia.\n\n- Criada e credenciada conforme a Instrução Normativa n.º 007/99 do Ministério da Agricultura e Abastecimento.\n\n- Foi fundada em 16 de novembro de 1999.	http://www.chaovivo.com.br	2	2011-03-02 12:24:53.625531	2011-03-02 12:24:53.625531
4	CMO	A Fundação Mokiti Okada vem desenvolvendo a Agricultura Natural no Brasil desde 1979 (iniciada e instituída na década de 30 pelo filósofo Mokiti Okada). Divulga a tecnologia da produção de alimentos saudáveis ao ser humano e ao meio ambiente, capacitando os agricultores de todo o Brasil, como também em outros países da América Latina, Europa e África.\n\nNesse contexto, decorrente do grande crescimento da Agricultura Natural em escala mundial, surgiu uma forte necessidade por parte dos agricultores de terem seus produtos legitimamente reconhecidos e autenticados por uma instituição idônea e notadamente atuante no meio da Agricultura Natural.\n\nO processo de Certificação apresentado pela Certificadora Mokiti Okada, está alicerçada na Agricultura Natural, que tem como princípio básico fazer o solo, organismo vivo, emanar toda a sua força vital e sua capacidade produtiva, sendo ponto fundamental para a melhoria do nível espiritual e material do ser humano, tornando assim um homem verdadeiramente sadio. Antes de tudo visa valorizar e reconhecer o esforço dos agricultores que optaram pela oferta de alimentos saudáveis, alimentos esses que são ferramentas para formação de uma nova sociedade.	http://www.planetaorganico.com.br/moa.htm	2	2011-03-02 12:24:53.641676	2011-03-02 12:24:53.641676
5	ECOCERT	A ECOCERT BRASIL realiza a certificação voltada para o mercado interno, atuando também como agente de certificação da ECOCERT SA para todos os principais mercados mundiais. Conta para isso com profissionais que controlam quotidianamente o respeito às regras de gestão da qualidade, todos treinados e habilitados pela ECOCERT SA para aplicação dos diferentes regulamentos utilizados na certificação.\n\nA ECOCERT é acreditada para suas atividades internacionais segundo o guia ISO 65. Isso assegura aos produtores brasileiros certificados, irrestrito acesso aos principais mercados mundiais de produtos orgânicos.\n\nA ECOCERT BRASIL é acreditada pelo Governo do Estado de Santa Catarina, sendo também reconhecida pelas autoridades da Coréia do Sul. Assim como as demais certificadoras brasileiras de produtos orgânicos, estamos solicitando nossa acreditação junto ao INMETRO e na seqüência nosso credenciamento junto ao Ministério da Agricultura, Pecuária e Abastecimento.	http://www.ecocert.com.br/	2	2011-03-02 12:24:53.644865	2011-03-02 12:24:53.644865
6	IBD	O IBD atua em todo o Brasil e América do Sul. Tem seus fundamentos em princípios humanistas, segue a legislação trabalhista, incentivando o comprometimento social dos projetos certificados, e a legislação ambiental, promovendo a recuperação e a conservação do meio ambiente.\n\nDurante o período de conversão, os técnicos do IBD inspecionam todas as etapas do processo de produção.    http://www.ibd.com.br/Global/Foto.aspx?cArquivo=base_winfcate&cCampoProc=CATEGORIA&cCampoProcTipo=STR&cCampoRet=FOTOPEQ&cCampoProcVal=INFOAM\n   OIA   http://www.oiabrasil.com.br/prog-organicos.htm   Organização Internacional Agropecuária (OIA) é uma empresa líder em certificação de qualidade de produtos agropecuários, processados e industrializados. Se distingue por suas acreditações e avais, permitindo o aceso dos produtos que certifica aos mais exigentes mercados.\n\nFundada em 1991, inicia sua história como certificadora orgânica de produtos vegetais, animais e processados, acompanhando o mercado orgânico na Argentina, Brasil e América Latina desde seu início. Em 2002 a OIA abre sua empresa no Brasil, consolidando a atuação nesse país.	http://www.ibd.com.br	2	2011-03-02 12:24:53.648026	2011-03-02 12:24:53.648026
7	TECPAR	O Instituto de Tecnologia do Paraná, Tecpar, empresa pública com sede em Curitiba, PR, teve sua primeira acreditação pelo Inmetro, em 1997, como organismo para certificação de sistemas da qualidade.\nEm 1999, conquistou a acreditação como organismo para certificação de sistema de gestão ambiental e para a certificação de produtos.\nDesde sua acreditação o Tecpar vem ampliando a abrangência das suas atividades na área de certificação e auxiliando as empresas a se tornarem mais competitivas.\nAtuando como organismo independente da relação comercial, atesta que sistemas, produtos, processos e/ou serviços estão em conformidade com requisitos nacionais, estrangeiros ou internacionais.\nOs programas de avaliação e certificação da conformidade estão estruturados em padrões internacionais, garantindo um processo reconhecido e seguro.\nContando com a força de uma equipe especializada e direcionada para satisfação de seus clientes, o Tecpar marca sua presença no mercado brasileiro da avaliação da conformidade, diferenciada pela credibilidade e atendimento personalizado.	http://www.tecpar.br/cert/	2	2011-03-02 12:24:53.651219	2011-03-02 12:24:53.651219
8	ACS Amazônia	Em julho de 2002, foi iniciado pelo PESACRE (Grupo de Pesquisa e extensão em Sistemas Agroflorestais do Acre), em parceria com a Secretaria Executiva de Extrativismo e Produção Familiar e a Universidade Federal do Acre/UFAC/Parque Zoobotanico/Arboreto, o projeto “Uma Nova Proposta de Desenvolvimento Sustentável para o vale do Acre”, denominado de certificação socioparticipativa, apoiado pelo FUNBIO...\nComo resultado desse processo é fundada em 09 de agosto de 2003, a ACS Amazônia (Associação de Certificação Socioparticipativa da Amazônia), uma entidade civil, sem fins lucrativos que vem expandindo suas experiências e alcançando reconhecimento a nível nacional, com a missão de “Garantir um processo de certificação diferenciado que envolva instituições, comunidades e consumidores, proporcionando a melhoria da qualidade de vida, a auto-suficiência, a soberania alimentar e a equidade social, através da valorização cultural e das relações socioambientais dos povos da Amazônia”.\n\nA ACS Amazônia atua no Estado do Acre, Sul do Amazonas e Noroeste de Rondônia, onde atualmente 42 famílias de três grupos comunitários realizam sua produção agroextrativista segundo os Parâmetros Sócioambientais da Associação.	http://www.facesdobrasil.org.br/membrosfaces/34-acs-associacao-de-certificacao-socioparticipativa-da-amazonia.html	2	2011-03-02 12:24:53.68299	2011-03-02 12:24:53.68299
9	Rede Ecovida	Somos agricultores familiares, técnicos e consumidores reunidos em associações, cooperativas e grupos informais que, juntamente com pequenas agroindústrias, comerciantes ecológicos e pessoas comprometidas com o desenvolvimento da agroecologia, nos organizamos em torno da Rede Ecovida com o objetivo de:\n\n* Desenvolver e multiplicar as iniciativas em agroecologia;\n* Estimular o trabalho associativo na produção e no consumo de produtos ecológicos;\n* Articular e disponibilizar informações entre as organizações e pessoas;\n* Aproximar, de forma solidária, agricultores e consumidores;\n* Estimular o intercâmbio, o resgate e a valorização do saber popular;..\n* Ter uma marca e um selo que expressam o processo, o compromisso e a qualidade.	http://www.ecovida.org.br	2	2011-03-02 12:24:53.68644	2011-03-02 12:24:53.68644
10	ABIO	A ABIO foi fundada em 1985, com o objetivo de oferecer aos consumidores alimentos produzidos organicamente por um pequeno grupo de agricultores.\n\nHoje com mais de 180 sócios, a ABIO assume esta responsabilidade: garantir para o consumidor a qualidade orgânica dos produtos que portam seu SELO DE CERTIFICACÃO que está de acordo com os padrões nacionais e internacionais.\n\nCertificar para a ABIO significa inspecionar semestralmente, ou sempre que for necessário, os sítios; submeter produtos e amostras do solo e água a análises laboratoriais quando pairar alguma dúvida sobre sua qualidade; punir e eliminar de seu quadro de sócios os fraudadores.\n\nMuito mais que isso, no entanto, certificar, para a ABIO, significa manter uma rede de compromissos, que inclui, também, os consumidores. Além dos procedimentos formais que nos habilitam a certificar, buscamos a revitalização de valores como a confiança, a cooperação, o respeito humano, a responsabilidade social.\n\nPor isso, a ABIO investe tanto na capacitação dos agricultores quanto na inspeção das áreas de produção e dos produtos.	http://www.abio.org.br	2	2011-03-02 12:24:53.68966	2011-03-02 12:24:53.68966
11	Fundação Palmares	\N	http://www.palmares.gov.br/	2	2011-03-02 12:24:53.705089	2011-03-02 12:24:53.705089
12	FUNAI	\N	http://www.funai.gov.br/	2	2011-03-02 12:24:53.713857	2011-03-02 12:24:53.713857
13	Indígena	\N	\N	2	2011-03-02 12:24:53.725695	2011-03-02 12:24:53.725695
14	Quilombola	\N	\N	2	2011-03-02 12:24:53.728636	2011-03-02 12:24:53.728636
15	Caiçara	\N	\N	2	2011-03-02 12:24:53.731599	2011-03-02 12:24:53.731599
16	Caipira	\N	\N	2	2011-03-02 12:24:53.73457	2011-03-02 12:24:53.73457
17	Vazanteiro	\N	\N	2	2011-03-02 12:24:53.737515	2011-03-02 12:24:53.737515
18	Outro	\N	\N	2	2011-03-02 12:24:53.740475	2011-03-02 12:24:53.740475
19	SCJS - Sistema Nacional de Comércio Justo e Solidário	\N	\N	2	2011-03-02 12:24:53.757369	2011-03-02 12:24:53.757369
20	SIM - Serviço de Inspeção Municipal	\N	www.anvisa.gov.br	2	2011-03-02 12:24:53.772995	2011-03-02 12:24:53.772995
21	SIE - Serviço de Inspeção Estadual	\N	www.anvisa.gov.br	2	2011-03-02 12:24:53.776069	2011-03-02 12:24:53.776069
22	SIF - Serviço de Inspeção Federal	\N	www.anvisa.gov.br	2	2011-03-02 12:24:53.779031	2011-03-02 12:24:53.779031
23	SUASA - Sistema Único de Atenção à Sanidade Agropecuária	\N	http://www.mda.gov.br/portal/saf/programas/suasa	2	2011-03-02 12:24:53.781984	2011-03-02 12:24:53.781984
24	Vigilância Sanitária (Visa Estadual da Anvisa)	\N	www.anvisa.gov.br	2	2011-03-02 12:24:53.784935	2011-03-02 12:24:53.784935
25	AlterEco	\N	http://www.altereco.com	2	2011-03-02 12:24:53.799952	2011-03-02 12:24:53.799952
26	AltroMercatto	\N	http://www.altromercato.it/es	2	2011-03-02 12:24:53.803046	2011-03-02 12:24:53.803046
27	FLO	FLO es la organización que coordina el Sellado de Comercio Justo FAIRTRADE a nivel internacional. Desde nuestras oficinas en Bonn, Alemania, llevamos a cabo las siguientes actividades:\n\n* Establecimiento de los criterios internacionales de Comercio Justo Fairtrade\n* Organización de las actividades de apoyo a productores de todo el mundo\n* Desarrollo de la estrategia global para Fairtrade\n* Promoción de la justicia comercial a nivel internacional	http://www.fairtrade.net/	2	2011-03-02 12:24:53.806037	2011-03-02 12:24:53.806037
28	IFAT / WFTO	The WFTO is a global authority on Fair Trade, not because we say so, but because our members make it so.\n\nMembership of the WFTO is limited to organizations that demonstrate a 100% Fair Trade commitment and apply its 10 Principles of Fair Trade. WFTO members who are monitored against these Principles are listed in the Fair Trade 100 index of world-leading Fair Trade brands, businesses and organisations. Not just the pioneers of the movement but the innovators of the market.\n\nThe WFTO represents Fair Traders from grassroots through to the G8 and is the authentic voice of Fair Trade, having driven the movement for 20 years. It is the only global network whose members represent the Fair Trade chain from production to sale.	\N	2	2011-03-02 12:24:53.809083	2011-03-02 12:24:53.809083
29	FGP IC - Forest Garden Certification	This service certifies 'beyond organic', in compliance with all environmental and social concerns of our customers in addition to its organic origin. The standards set for social, biodiversity, landscape and carbon criteria, ensure that our producers are responsible and effective in restoring their ecosystems.\n\nStandards addressed:\nClean, Organic Production\nIncreasing Farm Sustainability\nEnsuring Fair Social Equity\nBuilding Back Biodiversity\nReducing the Carbon Footprint	http://www.forestgardencertification.com/	2	2011-03-02 12:24:53.812118	2011-03-02 12:24:53.812118
30	DAP - Declaração de Aptidão ao PRONAF	Criada pela SAF/MDA, a DAP é utilizada como instrumento de identificação do agricultor familiar para acessar políticas públicas, como o Pronaf. Para obtê-la, o agricultor familiar deve dirigir-se a um órgão ou entidade credenciado pelo MDA, munido de CPF e de dados acerca de seu estabelecimento de produção (área, número de pessoas residentes, composição da força de trabalho e da renda, endereço completo).	http://comunidades.mda.gov.br/portal/saf/institucional/aeclaracaoaptidaopronaf	2	2011-03-02 12:24:53.827443	2011-03-02 12:24:53.827443
31	SIPAF - Selo de Identificação de Participação da Agricultura Familiar	O SIPAF pretende identificar os produtos que tenham em sua composição a participação majoritária da agricultura familiar e dar visibilidade a empresas e aos empreendimentos da agricultura familiar que promovem a inclusão econômica e social dos agricultores, gerando mais empregos e renda no campo.\n\nA validade do Selo é de cinco anos, podendo ser renovado. É concedido à empresas e cooperativas, portadoras ou não de DAP, e a agricultores familiares, desde que portadores de DAP, para identificar produtos como verduras, legumes, polpas de frutas e laticínios, entre outros.	http://portal.mda.gov.br/portal/saf/programas/Selo_da_A	2	2011-03-02 12:24:53.830629	2011-03-02 12:24:53.830629
32	Bureau Veritas Certification	\N	http://www.certification.bureauveritas.com.br	2	2011-03-02 12:24:53.843745	2011-03-02 12:24:53.843745
33	IMO - Instituto de Mercado Ecológico	\N	http://www.imocontrol.com.br/	2	2011-03-02 12:24:53.846726	2011-03-02 12:24:53.846726
34	Imaflora - Instituto de Manejo e Certificação Florestal e Agrícola	\N	http://www.imaflora.org/	2	2011-03-02 12:24:53.849681	2011-03-02 12:24:53.849681
35	Scientific Certification Systems, Inc.	\N	http://www.scscertified.com/program_standards.php	2	2011-03-02 12:24:53.852623	2011-03-02 12:24:53.852623
36	SGS ICS Certificadora Ltda.	\N	http://www.br.sgs.com/	2	2011-03-02 12:24:53.855575	2011-03-02 12:24:53.855575
37	Control Union Certifications - Skal International	\N	http://www.controlunion.com/	2	2011-03-02 12:24:53.858508	2011-03-02 12:24:53.858508
38	SVB - Sociedade Vegetariana do Brasil	Tendo em vista a dificuldade de os consumidores veganos obterem informações confiáveis sobre os produtos que desejam consumir, a SVB – Sociedade Vegetariana Brasileira, através do Departamento de Certificações, criou o Selo Vegano.\n\nDe uma forma simples e direta, este selo, que inicialmente certificará cosméticos, produtos de higiene & limpeza, de gênero alimentício e vestuários indicará ao consumidor que:\n\n· O produto não contém ingredientes de origem animal em sua composição;\n\n· No processo de produção do produto não foram utilizados quaisquer ingredientes de origem animal;\n\n· O produto não foi testado em animais.	http://www.svb.org.br/certificacoes/	2	2011-03-02 12:24:53.889521	2011-03-02 12:24:53.889521
39	Produto com embalagem reciclada ou reutilizada	\N	\N	2	2011-03-02 12:24:53.91234	2011-03-02 12:24:53.91234
40	Produto não descartável	\N	\N	2	2011-03-02 12:24:53.915246	2011-03-02 12:24:53.915246
41	Matéria-prima e Insumos Renováveis	\N	\N	2	2011-03-02 12:24:53.918129	2011-03-02 12:24:53.918129
42	Creative Commons	O Creative Commons Brasil disponibiliza opções flexíveis de licenças que garantem proteção e liberdade para artistas e autores. Partindo da idéia de 'todos os direitos reservados' do direito autoral tradicional nós a recriamos para transformá-la em 'alguns direitos reservados'.	http://creativecommons.org.br/	2	2011-03-02 12:24:53.932573	2011-03-02 12:24:53.932573
43	GPL e derivados - software livre	Software livre, segundo a definição criada pela Free Software Foundation é qualquer programa de computador que pode ser usado, copiado, estudado e redistribuído sem restrições. O conceito de livre se opõe ao conceito de software restritivo (software proprietário), mas não ao software que é vendido almejando lucro (software comercial). A maneira usual de distribuição de software livre é anexar a este uma licença de software livre, e tornar o código fonte do programa disponível.	http://pt.wikipedia.org/wiki/Software_livre	2	2011-03-02 12:24:53.935696	2011-03-02 12:24:53.935696
\.


COPY qualifiers (id, name, environment_id, created_at, updated_at) FROM stdin;
1	Orgânico certificado por auditoria	2	2011-03-02 12:24:53.550794	2011-03-02 12:24:53.550794
2	Orgânico certificado por Sistema Participativo de Garantia	2	2011-03-02 12:24:53.679605	2011-03-02 12:24:53.679605
3	Orgânico autodeclarado	2	2011-03-02 12:24:53.699185	2011-03-02 12:24:53.699185
4	Quilombola	2	2011-03-02 12:24:53.70217	2011-03-02 12:24:53.70217
5	Indígena	2	2011-03-02 12:24:53.710888	2011-03-02 12:24:53.710888
6	Artesanato	2	2011-03-02 12:24:53.719694	2011-03-02 12:24:53.719694
7	Artesanato de Povos e Comunidades Tradicionais autodeclarado	2	2011-03-02 12:24:53.722779	2011-03-02 12:24:53.722779
8	Comércio Justo e Solidário	2	2011-03-02 12:24:53.754475	2011-03-02 12:24:53.754475
9	Agroecológico	2	2011-03-02 12:24:53.764626	2011-03-02 12:24:53.764626
10	Registro Sanitário	2	2011-03-02 12:24:53.770113	2011-03-02 12:24:53.770113
11	Fair Trade	2	2011-03-02 12:24:53.797034	2011-03-02 12:24:53.797034
12	Agricultura Familiar	2	2011-03-02 12:24:53.82441	2011-03-02 12:24:53.82441
13	Agricultura Camponesa	2	2011-03-02 12:24:53.837996	2011-03-02 12:24:53.837996
14	Madeira Certificada FSC	2	2011-03-02 12:24:53.840874	2011-03-02 12:24:53.840874
15	Produto da Floresta	2	2011-03-02 12:24:53.872638	2011-03-02 12:24:53.872638
16	Agroextrativismo	2	2011-03-02 12:24:53.878165	2011-03-02 12:24:53.878165
17	Saúde Mental	2	2011-03-02 12:24:53.881012	2011-03-02 12:24:53.881012
18	Produto feito de material reciclado ou recuperado	2	2011-03-02 12:24:53.883842	2011-03-02 12:24:53.883842
19	Vegano	2	2011-03-02 12:24:53.886668	2011-03-02 12:24:53.886668
20	Bem Estar Animal	2	2011-03-02 12:24:53.895159	2011-03-02 12:24:53.895159
21	Cosmética Natural ou Medicamento Fitoterápico	2	2011-03-02 12:24:53.900671	2011-03-02 12:24:53.900671
22	Relações de equidade de gênero	2	2011-03-02 12:24:53.903576	2011-03-02 12:24:53.903576
23	Sustentabilidade Socioambiental	2	2011-03-02 12:24:53.906425	2011-03-02 12:24:53.906425
24	Outros qualificadores ambientais autodeclarados	2	2011-03-02 12:24:53.909463	2011-03-02 12:24:53.909463
25	Produto da Reforma Agrária	2	2011-03-02 12:24:53.926849	2011-03-02 12:24:53.926849
26	Conhecimento ou Cultura Livre	2	2011-03-02 12:24:53.929708	2011-03-02 12:24:53.929708
\.


COPY qualifier_certifiers (id, qualifier_id, certifier_id) FROM stdin;
1	1	1
2	1	2
3	1	3
4	1	4
5	1	5
6	1	6
7	1	7
8	2	8
9	2	10
10	2	9
11	4	11
12	5	12
13	7	13
14	7	14
15	7	15
16	7	16
17	7	17
18	7	18
19	8	19
20	8	5
21	9	9
22	10	20
23	10	21
24	10	22
25	10	23
26	10	24
27	11	25
28	11	26
29	11	27
30	11	28
31	11	29
32	12	30
33	12	31
34	14	32
35	14	33
36	14	34
37	14	35
38	14	36
39	14	37
40	15	29
41	19	38
42	20	5
43	24	39
44	24	40
45	24	41
46	26	42
47	26	43
\.


